Datetime,Water Level (m)
2025-07-29 18:00:00,-0.030345775
2025-07-29 19:00:00,0.89539516
2025-07-29 20:00:00,1.6582559
2025-07-29 21:00:00,2.1081092
2025-07-29 22:00:00,2.2157717
2025-07-29 23:00:00,1.9236212
2025-07-30 00:00:00,1.2689332
2025-07-30 01:00:00,0.41603786
2025-07-30 02:00:00,-0.39668646
2025-07-30 03:00:00,-1.0569873
2025-07-30 04:00:00,-1.3442131
2025-07-30 05:00:00,-0.99948037
2025-07-30 06:00:00,0.020545406
2025-07-30 07:00:00,0.9982723
2025-07-30 08:00:00,1.7911017
2025-07-30 09:00:00,2.2338977
2025-07-30 10:00:00,2.3104782
2025-07-30 11:00:00,2.00837
2025-07-30 12:00:00,1.3525069
2025-07-30 13:00:00,0.5061313
2025-07-30 14:00:00,-0.32863393
2025-07-30 15:00:00,-1.0292734
2025-07-30 16:00:00,-1.4418746
2025-07-30 17:00:00,-1.3644506
2025-07-30 18:00:00,-0.51839787
2025-07-30 19:00:00,0.46731788
2025-07-30 20:00:00,1.3593663
2025-07-30 21:00:00,1.9651798
2025-07-30 22:00:00,2.243376
2025-07-30 23:00:00,2.1765993
2025-07-31 00:00:00,1.709007
2025-07-31 01:00:00,1.0213513
2025-07-31 02:00:00,0.22682647
2025-07-31 03:00:00,-0.47247955
2025-07-31 04:00:00,-0.978052
2025-07-31 05:00:00,-1.0353414
2025-07-31 06:00:00,-0.4028239
2025-07-31 07:00:00,0.4933156
2025-07-31 08:00:00,1.250848
2025-07-31 09:00:00,1.7889047
2025-07-31 10:00:00,2.0578399
2025-07-31 11:00:00,2.032159
2025-07-31 12:00:00,1.6018414
2025-07-31 13:00:00,0.9275518
2025-07-31 14:00:00,0.14072059
2025-07-31 15:00:00,-0.56242156
2025-07-31 16:00:00,-1.0809444
2025-07-31 17:00:00,-1.3056653
2025-07-31 18:00:00,-0.9759958
2025-07-31 19:00:00,-0.14063358
2025-07-31 20:00:00,0.7018653
2025-07-31 21:00:00,1.4117159
2025-07-31 22:00:00,1.867868
2025-07-31 23:00:00,2.0335817
2025-08-01 00:00:00,1.8716387
2025-08-01 01:00:00,1.3877009
2025-08-01 02:00:00,0.7336385
2025-08-01 03:00:00,0.047287513
2025-08-01 04:00:00,-0.5225093
2025-08-01 05:00:00,-0.85422474
2025-08-01 06:00:00,-0.7652936
2025-08-01 07:00:00,-0.17612116
2025-08-01 08:00:00,0.53879493
2025-08-01 09:00:00,1.1852357
2025-08-01 10:00:00,1.6318069
2025-08-01 11:00:00,1.8206681
2025-08-01 12:00:00,1.7214766
2025-08-01 13:00:00,1.2952777
2025-08-01 14:00:00,0.6750684
2025-08-01 15:00:00,-0.0080840755
2025-08-01 16:00:00,-0.58724695
2025-08-01 17:00:00,-0.9617538
2025-08-01 18:00:00,-1.0185742
2025-08-01 19:00:00,-0.58789265
2025-08-01 20:00:00,0.13033296
2025-08-01 21:00:00,0.8343427
2025-08-01 22:00:00,1.4112113
2025-08-01 23:00:00,1.7771841
2025-08-02 00:00:00,1.9030493
2025-08-02 01:00:00,1.7206961
2025-08-02 02:00:00,1.2835467
2025-08-02 03:00:00,0.69673705
2025-08-02 04:00:00,0.1121174
2025-08-02 05:00:00,-0.33673686
2025-08-02 06:00:00,-0.58207005
2025-08-02 07:00:00,-0.4811092
2025-08-02 08:00:00,-0.03507196
2025-08-02 09:00:00,0.5051558
2025-08-02 10:00:00,0.99495566
2025-08-02 11:00:00,1.3271847
2025-08-02 12:00:00,1.4654787
2025-08-02 13:00:00,1.3691524
2025-08-02 14:00:00,1.0267766
2025-08-02 15:00:00,0.52436095
2025-08-02 16:00:00,-0.0042231083
2025-08-02 17:00:00,-0.46202105
2025-08-02 18:00:00,-0.7457739
2025-08-02 19:00:00,-0.74861777
2025-08-02 20:00:00,-0.35439357
2025-08-02 21:00:00,0.23252581
2025-08-02 22:00:00,0.8142027
2025-08-02 23:00:00,1.3037758
2025-08-03 00:00:00,1.6402463
2025-08-03 01:00:00,1.7745962
2025-08-03 02:00:00,1.628874
2025-08-03 03:00:00,1.265253
2025-08-03 04:00:00,0.76796967
2025-08-03 05:00:00,0.26791355
2025-08-03 06:00:00,-0.13860805
2025-08-03 07:00:00,-0.38643637
2025-08-03 08:00:00,-0.38344944
2025-08-03 09:00:00,-0.11397986
2025-08-03 10:00:00,0.30634207
2025-08-03 11:00:00,0.72426933
2025-08-03 12:00:00,1.0521185
2025-08-03 13:00:00,1.2123785
2025-08-03 14:00:00,1.195267
2025-08-03 15:00:00,0.98382854
2025-08-03 16:00:00,0.6110423
2025-08-03 17:00:00,0.14925224
2025-08-03 18:00:00,-0.28417557
2025-08-03 19:00:00,-0.5792273
2025-08-03 20:00:00,-0.6530824
2025-08-03 21:00:00,-0.43206918
2025-08-03 22:00:00,0.033158343
2025-08-03 23:00:00,0.57641906
2025-08-04 00:00:00,1.0945774
2025-08-04 01:00:00,1.4914919
2025-08-04 02:00:00,1.6968
2025-08-04 03:00:00,1.6724675
2025-08-04 04:00:00,1.4182075
2025-08-04 05:00:00,0.98975253
2025-08-04 06:00:00,0.46337366
2025-08-04 07:00:00,-0.020511113
2025-08-04 08:00:00,-0.3805293
2025-08-04 09:00:00,-0.5402054
2025-08-04 10:00:00,-0.4632479
2025-08-04 11:00:00,-0.15518512
2025-08-04 12:00:00,0.27434456
2025-08-04 13:00:00,0.69281244
2025-08-04 14:00:00,0.9948866
2025-08-04 15:00:00,1.1342477
2025-08-04 16:00:00,1.0981835
2025-08-04 17:00:00,0.8621069
2025-08-04 18:00:00,0.4536079
